"","Period","Ext.Refinancing","Direct_Entry"
"1","Current",17.824038582749,304494.889792253
"2","Q1 2024",18.6212421867137,322066.929382078
"3","Q2 2024",18.7489814635999,332162.640678607
"4","Q3 2024",19.2818129139467,336815.630557437
"5","Current Year",18.2874114256705,293701.479052874
"6","2024",19.25253953111,350261.909400154
"7","2025",21.3656087594542,362489.796677448
"8","2026",22.3898799674242,388234.751129746
